group1,group2
2.72805854,1.793596485
3.003584654,1.589619294
2.94030408,1.994669742
2.253658543,1.414474075
